{
    "name": "jdatatable",
    "version": "2.0.0",
    "title": "Datatable - A jQuery plugin for smart Data Tables",
    "author": {
        "name": "Mikaël Capelle (Holt59)",
        "email": "capelle.mikael@gmail.com",
        "url": "http://mikael-capelle.fr"
    },
    "licenses": [
        {
            "type": "Apache-2.0",
            "url": "http://www.apache.org/licenses/LICENSE-2.0"
        }
    ],
    "description": "Datatable is a smart plugin for jQuery allowing you to easily create dynamic 'datatables' (with pagination, filtering and sorting) for better management of big quantity of data.",
    "keywords": [
        "datatable",
        "pagination",
		"ajax",
		"data",
		"jquery",
		"filtering",
		"sorting"
    ],
    "homepage": "http://holt59.github.io/datatable/",
    "docs": "http://holt59.github.io/datatable/",
    "demo": "http://holt59.github.io/datatable/",
    "maintainers": [
        {
            "name": "Mikaël Capelle (Holt59)",
            "email": "capelle.mikael@gmail.com",
            "url": "http://mikael-capelle.fr"
        }
    ],
    "dependencies": {
        "jquery": ">=1.9"
    }
}
